normalized_form,display_form,lemma
και,και,και
κι,κι,και
ο,ο,ο
το,το,ο
του,του,ο
η,η,ο
την,την,ο
τον,τον,ο
τησ,της,ο
τη,τη,ο
τα,τα,ο
οι,οι,ο
τουσ,τους,ο
τισ,τις,ο
των,των,ο
να,να,να
με,με,με
για,για,για
που,που,που
από,από,από
σε,σε,σε
δεν,δεν,δεν
θα,θα,θα
είμαι,είμαι,είμαι
είναι,είναι,είμαι
είσαι,είσαι,είμαι
είμαστε,είμαστε,είμαι
είστε,είστε,είμαι
σε + το,σε + το,σε + το
στο,στο,σε + το
σε + την,σε + την,σε + την
στην,στην,σε + την
εγώ,εγώ,εγώ
μου,μου,εγώ
εμένα,εμένα,εγώ
εμείσ,εμείς,εμείς
μασ,μας,εμείς
εμάσ,εμάς,εμείς
ότι,ότι,ότι
"ένασ, μία/μια, ένα","ένας, μία/μια, ένα","ένας, μία/μια, ένα"
ένα,ένα,"ένας, μία/μια, ένα"
μια,μια,"ένας, μία/μια, ένα"
έναν,έναν,"ένας, μία/μια, ένα"
ένασ,ένας,"ένας, μία/μια, ένα"
ενόσ,ενός,"ένας, μία/μια, ένα"
μιασ,μιας,"ένας, μία/μια, ένα"
στη,στη,σε
στον,στον,σε
στα,στα,σε
στουσ,στους,σε
στισ,στις,σε
ήταν,ήταν,είμαι
ήμουν,ήμουν,είμαι
ήσουν,ήσουν,είμαι
ήμασταν,ήμασταν,είμαι
ήσασταν,ήσασταν,είμαι
τι,τι,τι
εσείσ,εσείς,εσείς
σασ,σας,εσείς
εσάσ,εσάς,εσείς
εσύ,εσύ,εσύ
σου,σου,εσύ
εσένα,εσένα,εσύ
αν,αν,αν
έχω,έχω,έχω
έχει,έχει,έχω
έχεισ,έχεις,έχω
έχουμε,έχουμε,έχω
έχουν,έχουν,έχω
έχετε,έχετε,έχω
είχε,είχε,έχω
είχα,είχα,έχω
είχαν,είχαν,έχω
είχεσ,είχες,έχω
είχαμε,είχαμε,έχω
είχατε,είχατε,έχω
αλλά,αλλά,αλλά
αυτόσ,αυτός,αυτός
αυτό,αυτό,αυτός
αυτή,αυτή,αυτός
αυτόν,αυτόν,αυτός
αυτήν,αυτήν,αυτός
αυτά,αυτά,αυτός
αυτοί,αυτοί,αυτός
αυτέσ,αυτές,αυτός
αυτούσ,αυτούς,αυτός
αυτού,αυτού,αυτός
αυτήσ,αυτής,αυτός
αυτών,αυτών,αυτός
ή,ή,ή
όταν,όταν,όταν
πώσ,πώς,πώς
μην,μην,μην
μη,μη,μην
γιατί,γιατί,γιατί
πολύ,πολύ,πολύ
δε,δε,δεν
όπωσ,όπως,όπως
πιο,πιο,πιο
μετά,μετά,μετά
μόνο,μόνο,μόνο
ωσ,ως,ως
πρέπει,πρέπει,πρέπει
μπορώ,μπορώ,μπορώ
μπορεί,μπορεί,μπορώ
μπορείσ,μπορείς,μπορώ
μπορούμε,μπορούμε,μπορώ
μπορείτε,μπορείτε,μπορώ
μπορούν,μπορούν,μπορώ
κατά,κατά,κατά
όχι,όχι,όχι
δύο,δύο,δύο
δυο,δυο,δύο
όλοσ,όλος,όλος
όλα,όλα,όλος
όλοι,όλοι,όλος
όλεσ,όλες,όλος
όλη,όλη,όλος
όλο,όλο,όλος
όλουσ,όλους,όλος
όλων,όλων,όλος
όλησ,όλης,όλος
όλου,όλου,όλος
μέσα,μέσα,μέσα
μέσα σε,μέσα σε,μέσα
από μέσα,από μέσα,μέσα
εδώ μέσα,εδώ μέσα,μέσα
τώρα,τώρα,τώρα
τώρα που,τώρα που,τώρα
από τώρα,από τώρα,τώρα
μέχρι τώρα,μέχρι τώρα,τώρα
"ένασ, μία, ένα","ένας, μία, ένα","ένας, μία, ένα"
μία,μία,"ένας, μία, ένα"
σαν,σαν,σαν
σαν να,σαν να,σαν
χρόνοσ,χρόνος,χρόνος
χρόνια,χρόνια,χρόνος
χρόνο,χρόνο,χρόνος
χρόνου,χρόνου,χρόνος
χρόνων,χρόνων,χρόνος
κάνω,κάνω,κάνω
κάνει,κάνει,κάνω
κάνεισ,κάνεις,κάνω
κάνουμε,κάνουμε,κάνω
κάνετε,κάνετε,κάνω
κάνουν,κάνουν,κάνω
έκανε,έκανε,κάνω
θα κάνει,θα κάνει,κάνω
κάνε,κάνε,κάνω
κάντε,κάντε,κάνω
μέχρι,μέχρι,μέχρι
μέχρι να,μέχρι να,μέχρι
από … μέχρι …,από … μέχρι …,μέχρι
εδώ,εδώ,εδώ
κάτι,κάτι,κάτι
χωρίσ,χωρίς,χωρίς
έτσι,έτσι,έτσι
κάθε,κάθε,κάθε
όμωσ,όμως,όμως
ζωή,ζωή,ζωή
ζωήσ,ζωής,ζωή
ζωέσ,ζωές,ζωή
ζωών,ζωών,ζωή
παιδί,παιδί,παιδί
παιδιά,παιδιά,παιδί
παιδιού,παιδιού,παιδί
παιδιών,παιδιών,παιδί
σήμερα,σήμερα,σήμερα
ενώ,ενώ,ενώ
ναι,ναι,ναι
πριν,πριν,πριν
προσ,προς,προς
υπάρχω,υπάρχω,υπάρχω
υπάρχει,υπάρχει,υπάρχω
υπάρχουν,υπάρχουν,υπάρχω
υπήρχε,υπήρχε,υπάρχω
υπήρχαν,υπήρχαν,υπάρχω
υπήρξε,υπήρξε,υπάρχω
υπάρξει,υπάρξει,υπάρχω
υπήρξαν,υπήρξαν,υπάρχω
υπάρξουν,υπάρξουν,υπάρχω
ελλάδα,Ελλάδα,Ελλάδα
ελλάδασ,Ελλάδας,Ελλάδα
οποίοσ,οποίος,οποίος
οποία,οποία,οποίος
οποίο,οποίο,οποίος
οποίοι,οποίοι,οποίος
οποίεσ,οποίες,οποίος
οποίουσ,οποίους,οποίος
οποίου,οποίου,οποίος
οποίασ,οποίας,οποίος
οποίων,οποίων,οποίος
ακόμα,ακόμα,ακόμα
καλά,καλά,καλά
μαζί,μαζί,μαζί
τόσο,τόσο,τόσο
νέοσ,νέος,νέος
νέα,νέα,νέος
νέο,νέο,νέος
νέεσ,νέες,νέος
νέοι,νέοι,νέος
νέουσ,νέους,νέος
νέου,νέου,νέος
νέασ,νέας,νέος
νέων,νέων,νέος
πάντα,πάντα,πάντα
απ’,απ’,από
καθώσ,καθώς,καθώς
λίγο,λίγο,λίγο
τότε,τότε,τότε
ούτε,ούτε,ούτε
επίσησ,επίσης,επίσης
καλόσ,καλός,καλός
καλό,καλό,καλός
καλή,καλή,καλός
καλοί,καλοί,καλός
καλέσ,καλές,καλός
καλούσ,καλούς,καλός
καλού,καλού,καλός
καλήσ,καλής,καλός
καλών,καλών,καλός
καλέ,καλέ,καλός
πάνω,πάνω,πάνω
ασ,ας,ας
μέροσ,μέρος,μέρος
μέρη,μέρη,μέρος
μέρουσ,μέρους,μέρος
μερών,μερών,μέρος
πολύσ,πολύς,πολύς
πολλά,πολλά,πολύς
πολλή,πολλή,πολύς
πολλοί,πολλοί,πολύς
πολλέσ,πολλές,πολύς
πολλούσ,πολλούς,πολύς
πολλήσ,πολλής,πολύς
πολλών,πολλών,πολύς
ποτέ,ποτέ,ποτέ
φορά,φορά,φορά
φορέσ,φορές,φορά
φοράσ,φοράς,φορά
φορών,φορών,φορά
όπου,όπου,όπου
μέρα,μέρα,μέρα
μέρεσ,μέρες,μέρα
μέρασ,μέρας,μέρα
ημερών,ημερών,μέρα
κατ',κατ',κατά
έπρεπε,έπρεπε,πρέπει
μπορούσα,μπορούσα,μπορώ
μπορούσε,μπορούσε,μπορώ
μπόρεσα,μπόρεσα,μπορώ
μπόρεσε,μπόρεσε,μπορώ
μπορέσω,μπορέσω,μπορώ
μπορούσεσ,μπορούσες,μπορώ
μπορούσαμε,μπορούσαμε,μπορώ
μπορούσαν,μπορούσαν,μπορώ
μπορούσατε,μπορούσατε,μπορώ
μπόρεσεσ,μπόρεσες,μπορώ
μπορέσαμε,μπορέσαμε,μπορώ
μπόρεσαν,μπόρεσαν,μπορώ
μπορέσατε,μπορέσατε,μπορώ
μπορέσεισ,μπορέσεις,μπορώ
μπορέσει,μπορέσει,μπορώ
μπορέσουμε,μπορέσουμε,μπορώ
μπορέσετε,μπορέσετε,μπορώ
μπορέσουν,μπορέσουν,μπορώ
χρονών,χρονών,χρόνος
χρόνοι,χρόνοι,χρόνος
χρόνουσ,χρόνους,χρόνος
έκανα,έκανα,κάνω
έκανεσ,έκανες,κάνω
κάναμε,κάναμε,κάνω
κάνατε,κάνατε,κάνω
έκαναν,έκαναν,κάνω
ακόμη,ακόμη,ακόμα
καλύτερα,καλύτερα,καλά
υπάρχεισ,υπάρχεις,υπάρχω
υπάρχουμε,υπάρχουμε,υπάρχω
υπάρχετε,υπάρχετε,υπάρχω
υπήρχεσ,υπήρχες,υπάρχω
υπήρχα,υπήρχα,υπάρχω
υπήρχαμε,υπήρχαμε,υπάρχω
υπήρχατε,υπήρχατε,υπάρχω
υπήρξα,υπήρξα,υπάρχω
υπήρξεσ,υπήρξες,υπάρχω
υπήρξαμε,υπήρξαμε,υπάρχω
υπήρξατε,υπήρξατε,υπάρχω
υπάρξω,υπάρξω,υπάρχω
υπάρξεισ,υπάρξεις,υπάρχω
υπάρξουμε,υπάρξουμε,υπάρχω
υπάρξετε,υπάρξετε,υπάρχω
μπορούνε,μπορούνε,μπορώ
κάνοντασ,κάνοντας,κάνω
να μην,να μην,να
απ',απ',από
μίασ,μίας,"ένας, μία/μια, ένα"
σένα,σένα,εσύ
μένα,μένα,εγώ
εάν,εάν,αν
μιαν,μιαν,"ένας, μία/μια, ένα"
είσαστε,είσαστε,είμαι
ήτανε,ήτανε,είμαι
ήμουνα,ήμουνα,είμαι
ήσουνα,ήσουνα,είμαι
ήμαστε,ήμαστε,είμαι
ήσαστε,ήσαστε,είμαι
έχε,έχε,έχω
έχοντασ,έχοντας,έχω
έχουνε,έχουνε,έχω
είχανε,είχανε,έχω
όσο,όσο,όσο
ώρα,ώρα,ώρα
ώρεσ,ώρες,ώρα
ώρασ,ώρας,ώρα
ωρών,ωρών,ώρα
άλλοσ,άλλος,άλλος
άλλο,άλλο,άλλος
άλλη,άλλη,άλλος
άλλα,άλλα,άλλος
άλλοι,άλλοι,άλλος
άλλον,άλλον,άλλος
άλλεσ,άλλες,άλλος
άλλουσ,άλλους,άλλος
άλλων,άλλων,άλλος
άλλου,άλλου,άλλος
άλλησ,άλλης,άλλος
γίνομαι,γίνομαι,γίνομαι
έγινε,έγινε,γίνομαι
γίνεται,γίνεται,γίνομαι
γίνει,γίνει,γίνομαι
έγινα,έγινα,γίνομαι
έγιναν,έγιναν,γίνομαι
γινόταν,γινόταν,γίνομαι
γίνω,γίνω,γίνομαι
έγινεσ,έγινες,γίνομαι
γίνεσαι,γίνεσαι,γίνομαι
γίνονται,γίνονται,γίνομαι
γίνε,γίνε,γίνομαι
γίνουμε,γίνουμε,γίνομαι
γίναμε,γίναμε,γίνομαι
γίνεισ,γίνεις,γίνομαι
γινόμαστε,γινόμαστε,γίνομαι
γίνατε,γίνατε,γίνομαι
γίνουν,γίνουν,γίνομαι
γίνεστε,γίνεστε,γίνομαι
γίνετε,γίνετε,γίνομαι
γινόμουν,γινόμουν,γίνομαι
γινόσουν,γινόσουν,γίνομαι
γίνονταν,γίνονταν,γίνομαι
γινόμασταν,γινόμασταν,γίνομαι
γινόσασταν,γινόσασταν,γίνομαι
εκεί,εκεί,εκεί
πρώτοσ,πρώτος,πρώτος
πρώτη,πρώτη,πρώτος
πρώτο,πρώτο,πρώτος
πρώτεσ,πρώτες,πρώτος
πρώτα,πρώτα,πρώτος
πρώτοι,πρώτοι,πρώτος
πρώτησ,πρώτης,πρώτος
πρώτου,πρώτου,πρώτος
πρώτουσ,πρώτους,πρώτος
πρώτων,πρώτων,πρώτος
έχει γίνει,έχει γίνει,γίνομαι
έχουν γίνει,έχουν γίνει,γίνομαι
έχεισ γίνει,έχεις γίνει,γίνομαι
έχω γίνει,έχω γίνει,γίνομαι
έχουμε γίνει,έχουμε γίνει,γίνομαι
έχετε γίνει,έχετε γίνει,γίνομαι
θέλω,θέλω,θέλω
θέλεισ,θέλεις,θέλω
θέλει,θέλει,θέλω
ήθελα,ήθελα,θέλω
θέλουμε,θέλουμε,θέλω
θέλετε,θέλετε,θέλω
θέλουν,θέλουν,θέλω
θέλατε,θέλατε,θέλω
ήθελε,ήθελε,θέλω
ήθελεσ,ήθελες,θέλω
θέλαμε,θέλαμε,θέλω
ήθελαν,ήθελαν,θέλω
θέλησε,θέλησε,θέλω
θελήσει,θελήσει,θέλω
θελήσεισ,θελήσεις,θέλω
θέλησα,θέλησα,θέλω
θέλησαν,θέλησαν,θέλω
θέλησεσ,θέλησες,θέλω
θελήσουν,θελήσουν,θέλω
θελήσω,θελήσω,θέλω
θελήσουμε,θελήσουμε,θέλω
θελήσαμε,θελήσαμε,θέλω
θελήσετε,θελήσετε,θέλω
θελήσατε,θελήσατε,θέλω
μέσω,μέσω,μέσω
θέση,θέση,θέση
θέσεισ,θέσεις,θέση
θέσησ,θέσης,θέση
θέσεων,θέσεων,θέση
λέω,λέω,λέω
λέει,λέει,λέω
είπα,είπα,λέω
είπε,είπε,λέω
λεσ,λες,λέω
πω,πω,λέω
πεσ,πες,λέω
λένε,λένε,λέω
λέμε,λέμε,λέω
είπεσ,είπες,λέω
έλεγε,έλεγε,λέω
πει,πει,λέω
πείτε,πείτε,λέω
λέτε,λέτε,λέω
είπαν,είπαν,λέω
έλεγα,έλεγα,λέω
είπαμε,είπαμε,λέω
πεισ,πεις,λέω
πούμε,πούμε,λέω
έλεγαν,έλεγαν,λέω
έλεγεσ,έλεγες,λέω
είπατε,είπατε,λέω
πουν,πουν,λέω
λέγαμε,λέγαμε,λέω
λέγατε,λέγατε,λέω
σπίτι,σπίτι,σπίτι
σπίτια,σπίτια,σπίτι
σπιτιού,σπιτιού,σπίτι
σπιτιών,σπιτιών,σπίτι
μεγάλοσ,μεγάλος,μεγάλος
μεγάλη,μεγάλη,μεγάλος
μεγάλο,μεγάλο,μεγάλος
μεγάλα,μεγάλα,μεγάλος
μεγάλεσ,μεγάλες,μεγάλος
μεγάλοι,μεγάλοι,μεγάλος
μεγάλησ,μεγάλης,μεγάλος
μεγάλου,μεγάλου,μεγάλος
μεγάλουσ,μεγάλους,μεγάλος
μεγάλων,μεγάλων,μεγάλος
μεγάλε,μεγάλε,μεγάλος
ε,ε,ε
μεταξύ,μεταξύ,μεταξύ
σύμφωνα,σύμφωνα,σύμφωνα
τέλοσ,τέλος,τέλος
τέλη,τέλη,τέλος
τέλουσ,τέλους,τέλος
τελών,τελών,τέλος
τίποτα,τίποτα,τίποτα
τίποτε,τίποτε,τίποτα
ομάδα,ομάδα,ομάδα
ομάδασ,ομάδας,ομάδα
ομάδεσ,ομάδες,ομάδα
ομάδων,ομάδων,ομάδα
στιγμή,στιγμή,στιγμή
στιγμέσ,στιγμές,στιγμή
στιγμήσ,στιγμής,στιγμή
στιγμών,στιγμών,στιγμή
εκτόσ,εκτός,εκτός
κάτω,κάτω,κάτω
κόσμοσ,κόσμος,κόσμος
κόσμο,κόσμο,κόσμος
κόσμου,κόσμου,κόσμος
κόσμοι,κόσμοι,κόσμος
κόσμουσ,κόσμους,κόσμος
κόσμων,κόσμων,κόσμος
χώρα,χώρα,χώρα
χώρασ,χώρας,χώρα
χώρεσ,χώρες,χώρα
χωρών,χωρών,χώρα
πόσοσ,πόσος,πόσος
πόσο,πόσο,πόσος
πόσα,πόσα,πόσος
πόσεσ,πόσες,πόσος
πόσοι,πόσοι,πόσος
πόση,πόση,πόσος
πόσουσ,πόσους,πόσος
πόσων,πόσων,πόσος
πόσου,πόσου,πόσος
πόσησ,πόσης,πόσος
κυβέρνηση,κυβέρνηση,κυβέρνηση
κυβέρνησησ,κυβέρνησης,κυβέρνηση
κυβερνήσεισ,κυβερνήσεις,κυβέρνηση
κυβερνήσεων,κυβερνήσεων,κυβέρνηση
πάλι,πάλι,πάλι
έωσ,έως,έως
ίδιοσ,ίδιος,ίδιος
ίδιο,ίδιο,ίδιος
ίδια,ίδια,ίδιος
ίδιοι,ίδιοι,ίδιος
ίδιεσ,ίδιες,ίδιος
ίδιουσ,ίδιους,ίδιος
ίδιου,ίδιου,ίδιος
ίδιασ,ίδιας,ίδιος
ίδιων,ίδιων,ίδιος
μόλισ,μόλις,μόλις
απλά,απλά,απλά
αφού,αφού,αφού
επειδή,επειδή,επειδή
λόγω,λόγω,λόγω
γυναίκα,γυναίκα,γυναίκα
γυναίκεσ,γυναίκες,γυναίκα
γυναίκασ,γυναίκας,γυναίκα
γυναικών,γυναικών,γυναίκα
πηγαίνω,πηγαίνω,πηγαίνω
πάει,πάει,πηγαίνω
πάω,πάω,πηγαίνω
πασ,πας,πηγαίνω
πάμε,πάμε,πηγαίνω
πήγα,πήγα,πηγαίνω
πήγε,πήγε,πηγαίνω
πάνε,πάνε,πηγαίνω
πάτε,πάτε,πηγαίνω
πήγαινε,πήγαινε,πηγαίνω
πήγεσ,πήγες,πηγαίνω
πήγαμε,πήγαμε,πηγαίνω
πήγαν,πήγαν,πηγαίνω
πήγατε,πήγατε,πηγαίνω
πηγαίνει,πηγαίνει,πηγαίνω
πηγαίνεισ,πηγαίνεις,πηγαίνω
πηγαίνουμε,πηγαίνουμε,πηγαίνω
πηγαίνετε,πηγαίνετε,πηγαίνω
πηγαίνουν,πηγαίνουν,πηγαίνω
πήγαινα,πήγαινα,πηγαίνω
πήγαινεσ,πήγαινες,πηγαίνω
πηγαίναμε,πηγαίναμε,πηγαίνω
πηγαίνατε,πηγαίνατε,πηγαίνω
πήγαιναν,πήγαιναν,πηγαίνω
πίσω,πίσω,πίσω
ιστορία,ιστορία,ιστορία
ιστορίασ,ιστορίας,ιστορία
ιστορίεσ,ιστορίες,ιστορία
ιστοριών,ιστοριών,ιστορία
ποιοσ,ποιος,ποιος
ποια,ποια,ποιος
ποιο,ποιο,ποιος
ποιον,ποιον,ποιος
ποιοι,ποιοι,ποιος
ποιεσ,ποιες,ποιος
ποιουσ,ποιους,ποιος
ποιανού,ποιανού,ποιος
ποιου,ποιου,ποιος
ποιανήσ,ποιανής,ποιος
ποιων,ποιων,ποιος
ποιασ,ποιας,ποιος
ποιανών,ποιανών,ποιος
τελευταίοσ,τελευταίος,τελευταίος
τελευταία,τελευταία,τελευταίος
τελευταίο,τελευταίο,τελευταίος
τελευταίεσ,τελευταίες,τελευταίος
τελευταίοι,τελευταίοι,τελευταίος
τελευταίου,τελευταίου,τελευταίος
τελευταίων,τελευταίων,τελευταίος
τελευταίουσ,τελευταίους,τελευταίος
τελευταίασ,τελευταίας,τελευταίος
άνθρωποσ,άνθρωπος,άνθρωπος
άνθρωποι,άνθρωποι,άνθρωπος
άνθρωπο,άνθρωπο,άνθρωπος
ανθρώπουσ,ανθρώπους,άνθρωπος
ανθρώπων,ανθρώπων,άνθρωπος
ανθρώπου,ανθρώπου,άνθρωπος
άνθρωπε,άνθρωπε,άνθρωπος
κανένασ,κανένας,κανένας
κανείσ,κανείς,κανένας
κανένα,κανένα,κανένας
κανέναν,κανέναν,κανένας
καμία,καμία,κανένας
καμιά,καμιά,κανένας
κανενόσ,κανενός,κανένας
καμίασ,καμίας,κανένας
πόλη,πόλη,πόλη
πόλησ,πόλης,πόλη
πόλεισ,πόλεις,πόλη
πόλεων,πόλεων,πόλη
θέμα,θέμα,θέμα
θέματα,θέματα,θέμα
θέματοσ,θέματος,θέμα
θεμάτων,θεμάτων,θέμα
όνομα,όνομα,όνομα
ονόματα,ονόματα,όνομα
ονόματοσ,ονόματος,όνομα
ονομάτων,ονομάτων,όνομα
ώστε,ώστε,ώστε
ήδη,ήδη,ήδη
αθήνα,Αθήνα,Αθήνα
αθήνασ,Αθήνας,Αθήνα
βρίσκομαι,βρίσκομαι,βρίσκομαι
βρίσκεται,βρίσκεται,βρίσκομαι
βρίσκονται,βρίσκονται,βρίσκομαι
βρίσκεσαι,βρίσκεσαι,βρίσκομαι
βρεθούμε,βρεθούμε,βρίσκομαι
βρέθηκα,βρέθηκα,βρίσκομαι
βρισκόταν,βρισκόταν,βρίσκομαι
βρέθηκε,βρέθηκε,βρίσκομαι
βρισκόμαστε,βρισκόμαστε,βρίσκομαι
βρίσκεστε,βρίσκεστε,βρίσκομαι
βρεθήκαμε,βρεθήκαμε,βρίσκομαι
βρέθηκεσ,βρέθηκες,βρίσκομαι
βρισκόμουν,βρισκόμουν,βρίσκομαι
βρεθώ,βρεθώ,βρίσκομαι
βρίσκονταν,βρίσκονταν,βρίσκομαι
βρέθηκαν,βρέθηκαν,βρίσκομαι
βρεθεί,βρεθεί,βρίσκομαι
βρισκόσουν,βρισκόσουν,βρίσκομαι
βρεθήκατε,βρεθήκατε,βρίσκομαι
βρεθείσ,βρεθείς,βρίσκομαι
βρισκόμασταν,βρισκόμασταν,βρίσκομαι
βρεθείτε,βρεθείτε,βρίσκομαι
βρεθούν,βρεθούν,βρίσκομαι
βρισκόσασταν,βρισκόσασταν,βρίσκομαι
εν,εν,εν
κοντά,κοντά,κοντά
τελικά,τελικά,τελικά
γι',γι',για
δηλαδή,δηλαδή,δηλαδή
κάποιοσ,κάποιος,κάποιος
κάποια,κάποια,κάποιος
κάποιον,κάποιον,κάποιος
κάποιο,κάποιο,κάποιος
κάποιοι,κάποιοι,κάποιος
κάποιεσ,κάποιες,κάποιος
κάποιουσ,κάποιους,κάποιος
κάποιου,κάποιου,κάποιος
κάποιων,κάποιων,κάποιος
κάποιασ,κάποιας,κάποιος
μα,μα,μα
ξέρω,ξέρω,ξέρω
ξέρεισ,ξέρεις,ξέρω
ξέρει,ξέρει,ξέρω
ξέρετε,ξέρετε,ξέρω
ξέρουμε,ξέρουμε,ξέρω
ξέρουν,ξέρουν,ξέρω
ήξερα,ήξερα,ξέρω
ήξερε,ήξερε,ξέρω
ήξερεσ,ήξερες,ξέρω
ξέραμε,ξέραμε,ξέρω
ξέρατε,ξέρατε,ξέρω
ήξεραν,ήξεραν,ξέρω
συνέχεια,συνέχεια,συνέχεια
συνέχειασ,συνέχειας,συνέχεια
συνέχειεσ,συνέχειες,συνέχεια
συνεχειών,συνεχειών,συνέχεια
τρόποσ,τρόπος,τρόπος
τρόπο,τρόπο,τρόπος
τρόπουσ,τρόπους,τρόπος
τρόποι,τρόποι,τρόπος
τρόπου,τρόπου,τρόπος
τρόπων,τρόπων,τρόπος
περιοχή,περιοχή,περιοχή
περιοχήσ,περιοχής,περιοχή
περιοχέσ,περιοχές,περιοχή
περιοχών,περιοχών,περιοχή
περισσότερο,περισσότερο,περισσότερο
δουλειά,δουλειά,δουλειά
δουλειέσ,δουλειές,δουλειά
δουλειάσ,δουλειάς,δουλειά
δουλειών,δουλειών,δουλειά
ευρώ,ευρώ,ευρώ
πολιτική,πολιτική,πολιτική
πολιτικήσ,πολιτικής,πολιτική
πολιτικέσ,πολιτικές,πολιτική
πολιτικών,πολιτικών,πολιτική
πράγμα,πράγμα,πράγμα
πράγματα,πράγματα,πράγμα
πραγμάτων,πραγμάτων,πράγμα
πράγματοσ,πράγματος,πράγμα
βράδυ,βράδυ,βράδυ
βράδια,βράδια,βράδυ
βραδιού,βραδιού,βράδυ
βραδιών,βραδιών,βράδυ
βλέπω,βλέπω,βλέπω
είδα,είδα,βλέπω
βλέπεισ,βλέπεις,βλέπω
δω,δω,βλέπω
δεσ,δες,βλέπω
είδεσ,είδες,βλέπω
βλέπει,βλέπει,βλέπω
είδε,είδε,βλέπω
δείτε,δείτε,βλέπω
βλέπουμε,βλέπουμε,βλέπω
δούμε,δούμε,βλέπω
είδαμε,είδαμε,βλέπω
έβλεπα,έβλεπα,βλέπω
βλέπετε,βλέπετε,βλέπω
βλέπουν,βλέπουν,βλέπω
έχω δει,έχω δει,βλέπω
δεισ,δεις,βλέπω
είδατε,είδατε,βλέπω
είδαν,είδαν,βλέπω
έβλεπεσ,έβλεπες,βλέπω
έβλεπε,έβλεπε,βλέπω
βλέπαμε,βλέπαμε,βλέπω
βλέπατε,βλέπατε,βλέπω
έβλεπαν,έβλεπαν,βλέπω
δει,δει,βλέπω
δουν,δουν,βλέπω
έχεισ δει,έχεις δει,βλέπω
έχει δει,έχει δει,βλέπω
έχουμε δει,έχουμε δει,βλέπω
έχετε δει,έχετε δει,βλέπω
έχουν δει,έχουν δει,βλέπω
δέστε,δέστε,βλέπω
θεσ,θες,θέλω
στοιχείο,στοιχείο,στοιχείο
στοιχεία,στοιχεία,στοιχείο
στοιχείων,στοιχείων,στοιχείο
στοιχείου,στοιχείου,στοιχείο
αγάπη,αγάπη,αγάπη
αγάπησ,αγάπης,αγάπη
αγάπεσ,αγάπες,αγάπη
αγαπών,αγαπών,αγάπη
παίρνω,παίρνω,παίρνω
πήρα,πήρα,παίρνω
πήρε,πήρε,παίρνω
πάρω,πάρω,παίρνω
πάρε,πάρε,παίρνω
παίρνει,παίρνει,παίρνω
παίρνεισ,παίρνεις,παίρνω
πήρεσ,πήρες,παίρνω
παίρνουμε,παίρνουμε,παίρνω
πήραμε,πήραμε,παίρνω
πάρτε,πάρτε,παίρνω
πάρει,πάρει,παίρνω
πάρουμε,πάρουμε,παίρνω
πάρεισ,πάρεις,παίρνω
παίρνουν,παίρνουν,παίρνω
πήραν,πήραν,παίρνω
παίρνετε,παίρνετε,παίρνω
πήρατε,πήρατε,παίρνω
έπαιρνα,έπαιρνα,παίρνω
έπαιρνε,έπαιρνε,παίρνω
πάρετε,πάρετε,παίρνω
πάρουν,πάρουν,παίρνω
έπαιρνεσ,έπαιρνες,παίρνω
παίρναμε,παίρναμε,παίρνω
έπαιρναν,έπαιρναν,παίρνω
παίρνατε,παίρνατε,παίρνω
περίπου,περίπου,περίπου
ελληνικόσ,ελληνικός,ελληνικός
ελληνική,ελληνική,ελληνικός
ελληνικά,ελληνικά,ελληνικός
ελληνικό,ελληνικό,ελληνικός
ελληνικέσ,ελληνικές,ελληνικός
ελληνικήσ,ελληνικής,ελληνικός
ελληνικού,ελληνικού,ελληνικός
ελληνικοί,ελληνικοί,ελληνικός
ελληνικών,ελληνικών,ελληνικός
ελληνικούσ,ελληνικούς,ελληνικός
σχέση,σχέση,σχέση
σχέσεισ,σχέσεις,σχέση
σχέσησ,σχέσης,σχέση
σχέσεων,σχέσεων,σχέση
τρεισ,τρεις,τρεις
τρία,τρία,τρεις
τριών,τριών,τρεις
επί,επί,επί
λοιπόν,λοιπόν,λοιπόν
μάλιστα,μάλιστα,μάλιστα
σύστημα,σύστημα,σύστημα
συστήματα,συστήματα,σύστημα
συστήματοσ,συστήματος,σύστημα
συστημάτων,συστημάτων,σύστημα
έξω,έξω,έξω
μέτρο,μέτρο,μέτρο
μέτρα,μέτρα,μέτρο
μέτρου,μέτρου,μέτρο
μέτρων,μέτρων,μέτρο
πλέον,πλέον,πλέον
πρόκειται,πρόκειται,πρόκειται
επρόκειτο,επρόκειτο,πρόκειται
φαίνομαι,φαίνομαι,φαίνομαι
φαίνεται,φαίνεται,φαίνομαι
φαίνεσαι,φαίνεσαι,φαίνομαι
φάνηκε,φάνηκε,φαίνομαι
φαίνονται,φαίνονται,φαίνομαι
φαινόταν,φαινόταν,φαίνομαι
φαίνεστε,φαίνεστε,φαίνομαι
φανώ,φανώ,φαίνομαι
φανεί,φανεί,φαίνομαι
φάνηκαν,φάνηκαν,φαίνομαι
φάνηκεσ,φάνηκες,φαίνομαι
φαίνονταν,φαίνονταν,φαίνομαι
φάνηκα,φάνηκα,φαίνομαι
φαινόμαστε,φαινόμαστε,φαίνομαι
φανείσ,φανείς,φαίνομαι
φανούν,φανούν,φαίνομαι
φαινόσουν,φαινόσουν,φαίνομαι
φαινόμουν,φαινόμουν,φαίνομαι
φανήκατε,φανήκατε,φαίνομαι
φανήκαμε,φανήκαμε,φαίνομαι
φανούμε,φανούμε,φαίνομαι
φανείτε,φανείτε,φαίνομαι
φαινόμασταν,φαινόμασταν,φαίνομαι
φαινόσασταν,φαινόσασταν,φαίνομαι
φάνου,φάνου,φαίνομαι
ίσωσ,ίσως,ίσως
διάρκεια,διάρκεια,διάρκεια
διάρκειασ,διάρκειας,διάρκεια
διάρκειεσ,διάρκειες,διάρκεια
διαρκειών,διαρκειών,διάρκεια
πρόβλημα,πρόβλημα,πρόβλημα
προβλήματα,προβλήματα,πρόβλημα
προβλήματοσ,προβλήματος,πρόβλημα
προβλημάτων,προβλημάτων,πρόβλημα
σχεδόν,σχεδόν,σχεδόν
αύριο,αύριο,αύριο
κέντρο,κέντρο,κέντρο
κέντρου,κέντρου,κέντρο
κέντρα,κέντρα,κέντρο
κέντρων,κέντρων,κέντρο
αλήθεια,αλήθεια,αλήθεια
αλήθειασ,αλήθειας,αλήθεια
αλήθειεσ,αλήθειες,αλήθεια
αποτελώ,αποτελώ,αποτελώ
αποτελεί,αποτελεί,αποτελώ
αποτελούν,αποτελούν,αποτελώ
αποτέλεσε,αποτέλεσε,αποτελώ
αποτελέσει,αποτελέσει,αποτελώ
αποτελούσε,αποτελούσε,αποτελώ
αποτέλεσαν,αποτέλεσαν,αποτελώ
αποτελούσαν,αποτελούσαν,αποτελώ
αποτελέσουν,αποτελέσουν,αποτελώ
αποτελούμε,αποτελούμε,αποτελώ
αποτελείσ,αποτελείς,αποτελώ
αποτελείτε,αποτελείτε,αποτελώ
αποτελέσαμε,αποτελέσαμε,αποτελώ
αποτέλεσεσ,αποτέλεσες,αποτελώ
αποτέλεσα,αποτέλεσα,αποτελώ
αποτελέσατε,αποτελέσατε,αποτελώ
αποτελούσαμε,αποτελούσαμε,αποτελώ
αποτελούσα,αποτελούσα,αποτελώ
αποτελούσεσ,αποτελούσες,αποτελώ
αποτελούσατε,αποτελούσατε,αποτελώ
αποτελέσουμε,αποτελέσουμε,αποτελώ
αποτελέσω,αποτελέσω,αποτελώ
αποτελέσεισ,αποτελέσεις,αποτελώ
αποτελέσετε,αποτελέσετε,αποτελώ
εκ,εκ,εκ
εξ,εξ,εκ
μπροστά,μπροστά,μπροστά
παρά,παρά,παρά
πρωί,πρωί,πρωί
πρωιού,πρωιού,πρωί
αποτέλεσμα,αποτέλεσμα,αποτέλεσμα
αποτελέσματα,αποτελέσματα,αποτέλεσμα
αποτελέσματοσ,αποτελέσματος,αποτέλεσμα
αποτελεσμάτων,αποτελεσμάτων,αποτέλεσμα
αρκετά,αρκετά,αρκετά
γύρω,γύρω,γύρω
λάθοσ,λάθος,λάθος
λάθη,λάθη,λάθος
λάθουσ,λάθους,λάθος
λαθών,λαθών,λάθος
μάτι,μάτι,μάτι
μάτια,μάτια,μάτι
ματιών,ματιών,μάτι
ματιού,ματιού,μάτι
βάση,βάση,βάση
βάσησ,βάσης,βάση
βάσεισ,βάσεις,βάση
βάσεων,βάσεων,βάση
ηπα,ΗΠΑ,ΗΠΑ
σειρά,σειρά,σειρά
σειρέσ,σειρές,σειρά
σειράσ,σειράς,σειρά
σειρών,σειρών,σειρά
σχετικά,σχετικά,σχετικά
χρειάζομαι,χρειάζομαι,χρειάζομαι
χρειάζεται,χρειάζεται,χρειάζομαι
χρειάζεσαι,χρειάζεσαι,χρειάζομαι
χρειάζονται,χρειάζονται,χρειάζομαι
χρειαζόμαστε,χρειαζόμαστε,χρειάζομαι
χρειάζεστε,χρειάζεστε,χρειάζομαι
χρειάστηκε,χρειάστηκε,χρειάζομαι
χρειαστεί,χρειαστεί,χρειάζομαι
χρειαστώ,χρειαστώ,χρειάζομαι
χρειαστείσ,χρειαστείς,χρειάζομαι
χρειάστηκα,χρειάστηκα,χρειάζομαι
χρειαζόταν,χρειαζόταν,χρειάζομαι
χρειαστούμε,χρειαστούμε,χρειάζομαι
χρειαστούν,χρειαστούν,χρειάζομαι
χρειάστηκαν,χρειάστηκαν,χρειάζομαι
χρειαστείτε,χρειαστείτε,χρειάζομαι
χρειαστήκαμε,χρειαστήκαμε,χρειάζομαι
χρειάστηκεσ,χρειάστηκες,χρειάζομαι
χρειαζόμουν,χρειαζόμουν,χρειάζομαι
χρειάζονταν,χρειάζονταν,χρειάζομαι
χρειαστήκατε,χρειαστήκατε,χρειάζομαι
χρειαζόσουν,χρειαζόσουν,χρειάζομαι
χρειαζόμασταν,χρειαζόμασταν,χρειάζομαι
χρειαζόσασταν,χρειαζόσασταν,χρειάζομαι
πρόεδροσ,πρόεδρος,πρόεδρος
πρόεδρο,πρόεδρο,πρόεδρος
προέδρου,προέδρου,πρόεδρος
πρόεδροι,πρόεδροι,πρόεδρος
πρόεδρε,πρόεδρε,πρόεδρος
προέδρουσ,προέδρους,πρόεδρος
προέδρων,προέδρων,πρόεδρος
σημαίνω,σημαίνω,σημαίνω
σημαίνει,σημαίνει,σημαίνω
σημαίνουν,σημαίνουν,σημαίνω
σήμαινε,σήμαινε,σημαίνω
σήμανε,σήμανε,σημαίνω
σημάνει,σημάνει,σημαίνω
σήμαιναν,σήμαιναν,σημαίνω
σημαίνεισ,σημαίνεις,σημαίνω
σημαίνουμε,σημαίνουμε,σημαίνω
σημαίνετε,σημαίνετε,σημαίνω
σημάνουν,σημάνουν,σημαίνω
σήμαναν,σήμαναν,σημαίνω
σήμαινεσ,σήμαινες,σημαίνω
σήμαινα,σήμαινα,σημαίνω
σημαίναμε,σημαίναμε,σημαίνω
σημαίνατε,σημαίνατε,σημαίνω
σημάνω,σημάνω,σημαίνω
σημάνεισ,σημάνεις,σημαίνω
σημάνουμε,σημάνουμε,σημαίνω
σημάνετε,σημάνετε,σημαίνω
σήμανα,σήμανα,σημαίνω
σήμανεσ,σήμανες,σημαίνω
σημάναμε,σημάναμε,σημαίνω
σημάνατε,σημάνατε,σημαίνω
τουλάχιστον,τουλάχιστον,τουλάχιστον
τουλάχιστο,τουλάχιστο,τουλάχιστον
υπό,υπό,υπό
έλληνασ,Έλληνας,Έλληνας
έλληνεσ,Έλληνες,Έλληνας
έλληνα,Έλληνα,Έλληνας
ελλήνων,Ελλήνων,Έλληνας
εκείνοσ,εκείνος,εκείνος
εκείνο,εκείνο,εκείνος
εκείνη,εκείνη,εκείνος
εκείνα,εκείνα,εκείνος
εκείνον,εκείνον,εκείνος
εκείνοι,εκείνοι,εκείνος
εκείνεσ,εκείνες,εκείνος
εκείνουσ,εκείνους,εκείνος
εκείνου,εκείνου,εκείνος
εκείνησ,εκείνης,εκείνος
εκείνων,εκείνων,εκείνος
λόγοσ,λόγος,λόγος
λόγο,λόγο,λόγος
λόγουσ,λόγους,λόγος
λόγοι,λόγοι,λόγος
λόγου,λόγου,λόγος
λόγων,λόγων,λόγος
τμήμα,τμήμα,τμήμα
τμήματα,τμήματα,τμήμα
τμήματοσ,τμήματος,τμήμα
τμημάτων,τμημάτων,τμήμα
άτομο,άτομο,άτομο
άτομα,άτομα,άτομο
ατόμων,ατόμων,άτομο
ατόμου,ατόμου,άτομο
εαυτόσ,εαυτός,εαυτός
εαυτό,εαυτό,εαυτός
εαυτούσ,εαυτούς,εαυτός
εαυτού,εαυτού,εαυτός
εαυτοί,εαυτοί,εαυτός
εαυτών,εαυτών,εαυτός
πέντε,πέντε,πέντε
πια,πια,πια
πού,πού,πού
πρόγραμμα,πρόγραμμα,πρόγραμμα
προγράμματα,προγράμματα,πρόγραμμα
προγράμματοσ,προγράμματος,πρόγραμμα
προγραμμάτων,προγραμμάτων,πρόγραμμα
πρώην,πρώην,πρώην
πότε,πότε,πότε
χρήση,χρήση,χρήση
χρήσησ,χρήσης,χρήση
χρήσεισ,χρήσεις,χρήση
χρήσεων,χρήσεων,χρήση
όσοσ,όσος,όσος
όσα,όσα,όσος
όσοι,όσοι,όσος
όση,όση,όσος
όσεσ,όσες,όσος
όσουσ,όσους,όσος
όσων,όσων,όσος
έρχομαι,έρχομαι,έρχομαι
έλα,έλα,έρχομαι
έρχεται,έρχεται,έρχομαι
ήρθε,ήρθε,έρχομαι
έρθω,έρθω,έρχομαι
ήρθα,ήρθα,έρχομαι
έρθεισ,έρθεις,έρχομαι
έρχεσαι,έρχεσαι,έρχομαι
ελάτε,ελάτε,έρχομαι
έρθει,έρθει,έρχομαι
ήρθεσ,ήρθες,έρχομαι
ήρθατε,ήρθατε,έρχομαι
έρχονται,έρχονται,έρχομαι
ήρθαν,ήρθαν,έρχομαι
ερχόμαστε,ερχόμαστε,έρχομαι
έρχεστε,έρχεστε,έρχομαι
ήρθαμε,ήρθαμε,έρχομαι
έρθουμε,έρθουμε,έρχομαι
έρθετε,έρθετε,έρχομαι
έρθουν,έρθουν,έρχομαι
ερχόταν,ερχόταν,έρχομαι
ερχόμουν,ερχόμουν,έρχομαι
έρχονταν,έρχονταν,έρχομαι
ερχόσουν,ερχόσουν,έρχομαι
ερχόμασταν,ερχόμασταν,έρχομαι
ερχόσασταν,ερχόσασταν,έρχομαι
δικόσ,δικός,δικός
δικό,δικό,δικός
δική,δική,δικός
δικά,δικά,δικός
δικοί,δικοί,δικός
δικέσ,δικές,δικός
δικούσ,δικούς,δικός
δικού,δικού,δικός
δικήσ,δικής,δικός
δικών,δικών,δικός
δικέ,δικέ,δικός
κατάσταση,κατάσταση,κατάσταση
κατάστασησ,κατάστασης,κατάσταση
καταστάσεισ,καταστάσεις,κατάσταση
καταστάσεων,καταστάσεων,κατάσταση
κυρίωσ,κυρίως,κυρίως
μήνασ,μήνας,μήνας
μήνα,μήνα,μήνας
μήνεσ,μήνες,μήνας
μηνών,μηνών,μήνας
νερό,νερό,νερό
νερού,νερού,νερό
νερά,νερά,νερό
νερών,νερών,νερό
οικογένεια,οικογένεια,οικογένεια
οικογένειασ,οικογένειας,οικογένεια
οικογένειεσ,οικογένειες,οικογένεια
οικογενειών,οικογενειών,οικογένεια
φίλοσ,φίλος,φίλος
φίλε,φίλε,φίλος
φίλο,φίλο,φίλος
φίλοι,φίλοι,φίλος
φίλουσ,φίλους,φίλος
φίλου,φίλου,φίλος
φίλων,φίλων,φίλος
ακριβώσ,ακριβώς,ακριβώς
βιβλίο,βιβλίο,βιβλίο
βιβλία,βιβλία,βιβλίο
βιβλίου,βιβλίου,βιβλίο
βιβλίων,βιβλίων,βιβλίο
φυσικά,φυσικά,φυσικά
αγώνασ,αγώνας,αγώνας
αγώνα,αγώνα,αγώνας
αγώνεσ,αγώνες,αγώνας
αγώνων,αγώνων,αγώνας
αργότερα,αργότερα,αργότερα
δρόμοσ,δρόμος,δρόμος
δρόμο,δρόμο,δρόμος
δρόμου,δρόμου,δρόμος
δρόμουσ,δρόμους,δρόμος
δρόμοι,δρόμοι,δρόμος
δρόμων,δρόμων,δρόμος
ημέρα,ημέρα,ημέρα
ημέρασ,ημέρας,ημέρα
ημέρεσ,ημέρες,ημέρα
κόρη,κόρη,κόρη
κόρησ,κόρης,κόρη
κόρεσ,κόρες,κόρη
κορών,κορών,κόρη
πεθαίνω,πεθαίνω,πεθαίνω
πέθανε,πέθανε,πεθαίνω
πεθαίνει,πεθαίνει,πεθαίνω
πέθανα,πέθανα,πεθαίνω
πεθάνει,πεθάνει,πεθαίνω
πεθάνω,πεθάνω,πεθαίνω
πέθαναν,πέθαναν,πεθαίνω
πεθαίνουμε,πεθαίνουμε,πεθαίνω
πεθαίνουν,πεθαίνουν,πεθαίνω
πεθαίνεισ,πεθαίνεις,πεθαίνω
πεθαίνετε,πεθαίνετε,πεθαίνω
πεθάναμε,πεθάναμε,πεθαίνω
πέθανεσ,πέθανες,πεθαίνω
πεθάνατε,πεθάνατε,πεθαίνω
πέθαινε,πέθαινε,πεθαίνω
πέθαινα,πέθαινα,πεθαίνω
πεθαίναμε,πεθαίναμε,πεθαίνω
πέθαιναν,πέθαιναν,πεθαίνω
πέθαινεσ,πέθαινες,πεθαίνω
πεθαίνατε,πεθαίνατε,πεθαίνω
πεθάνεισ,πεθάνεις,πεθαίνω
πεθάνουμε,πεθάνουμε,πεθαίνω
πεθάνουν,πεθάνουν,πεθαίνω
πεθάνετε,πεθάνετε,πεθαίνω
ωραίοσ,ωραίος,ωραίος
ωραία,ωραία,ωραίος
ωραίο,ωραίο,ωραίος
ωραίεσ,ωραίες,ωραίος
ωραίοι,ωραίοι,ωραίος
ωραίουσ,ωραίους,ωραίος
ωραίου,ωραίου,ωραίος
ωραίασ,ωραίας,ωραίος
ωραίων,ωραίων,ωραίος
ωραίε,ωραίε,ωραίος
έργο,έργο,έργο
έργα,έργα,έργο
έργου,έργου,έργο
έργων,έργων,έργο
