rank,source_word,lemma,russian,part_of_speech,output_file,generated_at
1,και,και,"и; тоже, также; даже",союз,output/00001-ke.html,2026-09-20T16:15:24.967585+00:00
2,το,ο,"определённый артикль (в русском не переводится; примерно «этот, тот самый»)",определённый артикль,output/00002-o.html,2026-09-20T16:15:24.967585+00:00
3,να,να,частица сослагательного наклонения (≈ русский инфинитив); чтобы; пусть (пожелание); вот (указательное),частица,output/00003-na.html,2026-09-20T16:15:24.967585+00:00
4,του,ο,"определённый артикль (в русском не переводится; примерно «этот, тот самый»)",определённый артикль,output/00002-o.html,2026-09-20T16:15:24.967585+00:00
5,η,ο,"определённый артикль (в русском не переводится; примерно «этот, тот самый»)",определённый артикль,output/00002-o.html,2026-09-20T16:15:24.967585+00:00
6,με,με,"с, вместе с; на (о транспорте); чем-либо, с помощью чего-либо",предлог,output/00004-me.html,2026-09-20T16:15:24.967585+00:00
7,την,ο,"определённый артикль (в русском не переводится; примерно «этот, тот самый»)",определённый артикль,output/00002-o.html,2026-09-20T16:15:24.967585+00:00
8,τησ,ο,"определённый артикль (в русском не переводится; примерно «этот, тот самый»)",определённый артикль,output/00002-o.html,2026-09-20T16:15:24.967585+00:00
9,για,για,"для, ради; о, про; на (о сроке)",предлог,output/00005-ya.html,2026-09-20T16:15:24.967585+00:00
10,ο,ο,"определённый артикль (в русском не переводится; примерно «этот, тот самый»)",определённый артикль,output/00002-o.html,2026-09-20T16:15:24.967585+00:00
11,που,που,"который (относительное слово); что (после глаголов чувств); где, когда (в придаточных)",относительное местоимение / союз (неизменяемое),output/00006-pou.html,2026-09-20T16:41:54.006707+00:00
13,από,από,"из, от; с, начиная с (о времени); чем (при сравнении); через, по (о пути)",предлог,output/00007-apo.html,2026-09-20T16:41:54.006707+00:00
14,σε,σε,"в, на (где?); в, на, к (куда?); в, через (о времени); (кому?) — передаёт адресата",предлог,output/00008-se.html,2026-09-20T16:41:54.006707+00:00
15,δεν,δεν,не (отрицание при глаголе в изъявительном наклонении),частица (отрицательная),output/00009-den.html,2026-09-20T16:41:54.006707+00:00
16,θα,θα,"частица будущего времени (буду, сделаю); частица условного наклонения (бы); частица предположения (наверное)",частица,output/00010-tha.html,2026-09-20T16:41:54.006707+00:00
18,είναι,είμαι,быть; находиться; являться,глагол (неправильный),output/00011-ime.html,2026-09-20T16:41:54.006707+00:00
19,στο,σε + το,"в, на, к (предлог σε, слитый с определённым артиклем το)",слитная форма предлога и определённого артикля,output/00012-se-to.html,2026-09-20T16:41:54.006707+00:00
20,στην,σε + την,"в, на (где? куда?); в (о времени); кому (косвенное дополнение) — перед существительным женского рода",предлог с артиклем (слитная форма σε + την),output/00013-se-tin.html,2026-09-20T16:41:54.006707+00:00
23,μου,εγώ,я; мой; мне; меня,личное местоимение (1-е лицо),output/00014-ego.html,2026-09-20T16:41:54.006707+00:00
26,μασ,εμείς,"мы; нас, нам; наш",личное местоимение,output/00015-emeis.html,2026-09-20T16:41:54.006707+00:00
28,ότι,ότι,"что (союз в придаточном предложении: говорю/думаю/знаю/слышал, что…)",союз,output/00016-oti.html,2026-09-20T16:50:22.638485+00:00
29,μια,"ένας, μία/μια, ένα","неопределённый артикль (какой-то, некий; часто не переводится); один, одна, одно (числительное)",неопределённый артикль / числительное,output/00017-enas-mia-ena.html,2026-09-20T16:50:22.638485+00:00
30,ένα,"ένας, μία/μια, ένα","неопределённый артикль (какой-то, некий; часто не переводится); один, одна, одно (числительное)",неопределённый артикль / числительное,output/00017-enas-mia-ena.html,2026-09-20T16:50:22.638485+00:00
31,στη,σε,"в, на (где?); в, на, к (куда?); в, через (о времени); (кому?) — передаёт адресата",предлог,output/00008-se.html,2026-09-20T16:50:22.638485+00:00
32,ήταν,είμαι,быть; находиться; являться,глагол (неправильный),output/00011-ime.html,2026-09-20T16:50:22.638485+00:00
33,τι,τι,что?; какой?; какой!/как! (в восклицаниях),вопросительное местоимение (неизменяемое),output/00018-ti.html,2026-09-20T16:50:22.638485+00:00
34,σασ,εσείς,"вы; вас, вам; ваш (слабая форма σας)",личное местоимение,output/00019-esis.html,2026-09-20T16:50:22.638485+00:00
35,σου,εσύ,"ты; тебя, тебе; твой (слабая форма σου); во мн. ч. вы, вас, вам, ваш",личное местоимение 2-го лица,output/00020-esi.html,2026-09-20T16:50:22.638485+00:00
36,στα,σε,"в, на (где?); в, на, к (куда?); в, через (о времени); (кому?) — передаёт адресата",предлог,output/00008-se.html,2026-09-20T16:50:22.638485+00:00
37,αν,αν,если; ли (в косвенном вопросе),союз,output/00021-an.html,2026-09-20T16:50:22.638485+00:00
39,έχει,έχω,"иметь; (безлично: έχει) есть, имеется; (о погоде) бывает, стоит",глагол,output/00022-eho.html,2026-09-20T17:10:24.922504+00:00
40,αλλά,αλλά,но; а (после отрицания),союз (противительный),output/00023-ala.html,2026-09-20T17:10:24.922504+00:00
41,αυτό,αυτός,"он, она, оно, они; этот, эта, это, эти",местоимение (личное 3-го лица и указательное),output/00024-aftos.html,2026-09-20T17:10:24.922504+00:00
42,ή,ή,или; либо,союз (разделительный),output/00025-i.html,2026-09-20T17:10:24.922504+00:00
45,όταν,όταν,когда (союз времени); всякий раз когда,"союз (подчинительный, временной)",output/00026-otan.html,2026-09-20T17:10:24.922504+00:00
46,πωσ,πώς,"как? (в вопросе); как (в косвенном вопросе); как! (в восклицании); конечно! (разговорный ответ, особенно πώς όχι!)",наречие (вопросительное),output/00027-pos.html,2026-09-20T17:10:24.922504+00:00
47,μην,μην,"не (в запретах, с να и с сослагательным наклонением); как бы не, вдруг (в опасениях)",отрицательная частица,output/00028-min.html,2026-09-20T17:10:24.922504+00:00
48,γιατί,γιατί,почему; зачем; потому что,вопросительное наречие; подчинительный союз,output/00029-yiati.html,2026-09-20T17:10:24.922504+00:00
49,πολύ,πολύ,очень; много; долго,наречие,output/00030-poli.html,2026-09-20T17:10:24.922504+00:00
50,δε,δεν,не (отрицание при глаголе в изъявительном наклонении),частица (отрицательная),output/00009-den.html,2026-09-20T17:10:24.922504+00:00
51,όπωσ,όπως,"как; так, как; как, например (такие как)",союз (союзное наречие),output/00031-opos.html,2026-09-20T17:14:16.498958+00:00
52,πιο,πιο,"более, -ее (сравнительная степень); с артиклем — самый",наречие (частица степени сравнения),output/00032-pio.html,2026-09-20T17:14:16.498958+00:00
53,μετά,μετά,"после; потом, затем, позже",предлог / наречие,output/00033-meta.html,2026-09-20T17:14:16.498958+00:00
54,μόνο,μόνο,"только, лишь, всего",наречие (ограничительная частица),output/00034-mono.html,2026-09-20T17:14:16.498958+00:00
56,ωσ,ως,"до (о времени, месте, количестве); как, в качестве",предлог,output/00035-os.html,2026-09-20T17:14:16.498958+00:00
57,πρέπει,πρέπει,"надо, нужно, должен; должно быть (вероятно); как следует (όπως πρέπει)",безличный глагол,output/00036-prepi.html,2026-09-20T17:14:16.498958+00:00
58,μπορεί,μπορώ,"мочь, уметь; μπορεί (να) — может быть, возможно",глагол,output/00037-boro.html,2026-09-20T17:14:16.498958+00:00
59,κατά,κατά,"около, примерно (о времени); по, согласно; во время; против",предлог,output/00038-kata.html,2026-09-20T17:14:16.498958+00:00
60,όχι,όχι,"нет; не (перед словом, которое не является глаголом)",отрицательная частица (неизменяемое слово),output/00039-ochi.html,2026-09-20T17:14:16.498958+00:00
61,δύο,δύο,"два, две, двое",числительное (количественное),output/00040-dhio.html,2026-09-20T17:14:16.498958+00:00
62,όλα,όλος,"весь, целый; все (люди), всё",прилагательное / местоимение (определительное),output/00041-olos.html,2026-09-20T17:55:29.336030+00:00
63,μέσα,μέσα,"внутри, внутрь; в, внутри (μέσα σε); за, в течение (о времени: μέσα σε); через, сквозь (μέσα από)",наречие (места); также в составе предложных сочетаний,output/00042-mesa.html,2026-09-20T17:55:29.336030+00:00
67,τώρα,τώρα,сейчас; теперь,наречие (времени),output/00043-tora.html,2026-09-20T17:55:29.336030+00:00
70,μία,"ένας, μία/μια, ένα","неопределённый артикль (какой-то, некий; часто не переводится); один, одна, одно (числительное)",неопределённый артикль / числительное,output/00017-enas-mia-ena.html,2026-09-20T17:55:29.336030+00:00
71,σαν,σαν,"как, словно (сравнение); будто (σαν να); как только, когда (разг.); если (разг.)",предлог / союз (неизменяемое слово),output/00044-san.html,2026-09-20T17:55:29.336030+00:00
72,χρόνια,χρόνος,время; год; (мн. τα χρόνια) годы; (грам.) время глагола,существительное,output/00045-hronos.html,2026-09-20T17:55:29.336030+00:00
74,κάνει,κάνω,"делать; стоить (о цене); (безличн., о погоде) быть: κάνει κρύο — холодно; δεν κάνει να — нельзя",глагол,output/00046-kano.html,2026-09-20T17:55:29.336030+00:00
76,μέχρι,μέχρι,до (о времени и месте); пока не (μέχρι να),предлог; союз (в сочетании μέχρι να),output/00047-mehri.html,2026-09-20T17:55:29.336030+00:00
77,εδώ,εδώ,здесь; сюда,наречие места,output/00048-edho.html,2026-09-20T18:07:15.019374+00:00
78,κάτι,κάτι,"что-то, что-нибудь, кое-что; какие-то, кое-какие (перед существительным во мн. ч.)",неопределённое местоимение,output/00049-kati.html,2026-09-20T18:07:15.019374+00:00
79,χωρίσ,χωρίς,"без; (χωρίς να + глагол) не делая что-либо, не сделав что-либо",предлог,output/00050-khoris.html,2026-09-20T18:07:15.019374+00:00
81,έτσι,έτσι,"так, таким образом; поэтому, так что; (в вопросе) да?, правда?",наречие,output/00051-etsi.html,2026-09-20T18:07:15.019374+00:00
82,κάθε,κάθε,"каждый, всякий; (с числительным) раз в",неизменяемое определительное местоимение,output/00052-kathe.html,2026-09-20T18:07:15.019374+00:00
85,κ,και,"и; тоже, также; даже",союз,output/00001-ke.html,2026-09-20T18:07:15.019374+00:00
86,όμωσ,όμως,"но, однако, зато; (κι όμως) и всё же","союз (противительный), неизменяемое слово",output/00053-omos.html,2026-09-20T18:07:15.019374+00:00
87,ζωή,ζωή,жизнь,существительное,output/00054-zoi.html,2026-09-20T18:07:15.019374+00:00
88,παιδιά,παιδί,ребёнок; дети (мн. ч.); ребята (в обращении),существительное,output/00055-pedhi.html,2026-09-20T18:07:15.019374+00:00
89,σήμερα,σήμερα,"сегодня; в наши дни, сейчас",наречие,output/00056-simera.html,2026-09-20T18:07:15.019374+00:00
90,ενώ,ενώ,"пока, в то время как; хотя; а, тогда как (противопоставление)",союз (подчинительный),output/00057-eno.html,2026-09-20T18:17:26.752792+00:00
91,ναι,ναι,да; да? (ответ на телефонный звонок),частица (утвердительная),output/00058-ne.html,2026-09-20T18:17:26.752792+00:00
92,πριν,πριν,"до, перед; назад (о времени); раньше, прежде; прежде чем",наречие; предлог (в сочетании πριν από); союз,output/00059-prin.html,2026-09-20T18:17:26.752792+00:00
93,προσ,προς,"к, в сторону, по направлению к; (в счёте) к",предлог,output/00060-pros.html,2026-09-20T18:17:26.752792+00:00
94,υπάρχει,υπάρχω,"существовать; есть, имеется (в значении «there is / there are»)",глагол,output/00061-iparcho.html,2026-09-20T18:17:26.752792+00:00
97,ελλάδα,Ελλάδα,Греция,"существительное (имя собственное, название страны)",output/00062-eladha.html,2026-09-20T18:17:26.752792+00:00
98,οποία,οποίος,который (относительное местоимение),относительное местоимение,output/00063-opios.html,2026-09-20T18:17:26.752792+00:00
99,ακόμα,ακόμα,"ещё, всё ещё; ещё не (с отрицанием); ещё (дополнительно); даже (в сочетании ακόμα και); ещё более (ακόμα πιο)",наречие,output/00064-akoma.html,2026-09-20T18:17:26.752792+00:00
100,καλά,καλά,хорошо; как следует; ладно (согласие); в порядке (о самочувствии),наречие,output/00065-kala.html,2026-09-20T18:17:26.752792+00:00
101,μαζί,μαζί,"вместе; вместе с (μαζί με); со мной, с тобой и т. д. (μαζί μου, μαζί σου)",наречие,output/00066-mazi.html,2026-09-20T18:17:26.752792+00:00
102,τόσο,τόσο,"так, настолько; столько, так много",наречие,output/00067-toso.html,2026-09-20T18:25:37.662377+00:00
103,νέα,νέος,новый; молодой,прилагательное,output/00068-neos.html,2026-09-20T18:25:37.662377+00:00
104,πάντα,πάντα,всегда; (για πάντα) навсегда; (τα πάντα) всё,наречие,output/00069-panda.html,2026-09-20T18:25:37.662377+00:00
107,απ,από,"из, от; с, начиная с (о времени); чем (при сравнении); через, по (о пути)",предлог,output/00007-apo.html,2026-09-20T18:25:37.662377+00:00
108,καθώσ,καθώς,"в то время как, пока; так как, поскольку; по мере того как; а также (καθώς και)",союз,output/00070-kathos.html,2026-09-20T18:25:37.662377+00:00
109,λίγο,λίγο,"немного, чуть-чуть (о количестве, степени); недолго, ненадолго (о времени)",наречие,output/00071-ligo.html,2026-09-20T18:25:37.662377+00:00
110,τότε,τότε,"тогда (в то время); тогда, в таком случае",наречие,output/00072-tote.html,2026-09-20T18:25:37.662377+00:00
111,ούτε,ούτε,ни (ούτε… ούτε — ни… ни); тоже не; даже не (ούτε καν),союз / отрицательная частица (неизменяемое слово),output/00073-oute.html,2026-09-20T18:25:37.662377+00:00
113,επίσησ,επίσης,"также, тоже; взаимно, и вам того же (ответ на пожелание)",наречие,output/00074-episis.html,2026-09-20T18:25:37.662377+00:00
115,καλό,καλός,"хороший, добрый",прилагательное,output/00075-kalos.html,2026-09-20T18:25:37.662377+00:00
116,πάνω,πάνω,наверху; наверх; на (πάνω σε); над (πάνω από),наречие,output/00076-pano.html,2026-09-20T18:54:15.399016+00:00
117,ασ,ας,давай(те); пусть,частица,output/00077-as.html,2026-09-20T18:54:15.399016+00:00
118,μέροσ,μέρος,место; часть; сторона,существительное,output/00078-meros.html,2026-09-20T18:54:15.399016+00:00
119,πολλά,πολύς,"много, многий, многочисленный; (форма πολύ как наречие) очень, много",прилагательное,output/00079-polis.html,2026-09-20T18:54:15.399016+00:00
120,ποτέ,ποτέ,никогда; когда-нибудь (в вопросах),наречие,output/00080-pote.html,2026-09-20T18:54:15.399016+00:00
121,φορά,φορά,раз (случай),существительное,output/00081-fora.html,2026-09-20T18:54:15.399016+00:00
122,απο,από,"из, от; с, начиная с (о времени); чем (при сравнении); через, по (о пути)",предлог,output/00007-apo.html,2026-09-20T18:54:15.399016+00:00
124,όπου,όπου,"где, куда (относительное слово: в котором месте, в которое место); где угодно, куда угодно",относительное наречие (союзное слово),output/00082-opu.html,2026-09-20T18:54:15.399016+00:00
126,μέρα,μέρα,день,существительное,output/00083-mera.html,2026-09-20T18:54:15.399016+00:00
127,όσο,όσο,сколько; насколько; пока (в то время как); чем… тем (όσο… τόσο),наречие / союз,output/00084-oso.html,2026-10-05T08:18:27.544875+00:00
128,ώρα,ώρα,час; время (по часам); пора,существительное,output/00085-ora.html,2026-10-05T08:18:27.544875+00:00
129,άλλο,άλλος,другой; ещё (один); остальные,местоимение-прилагательное,output/00086-alos.html,2026-10-05T08:18:27.544875+00:00
130,έγινε,γίνομαι,"становиться; происходить, случаться; быть готовым (о еде); «договорились» (Έγινε!)","глагол (отложительный, только медиопассивные формы)",output/00087-yinome.html,2026-10-05T08:18:27.544875+00:00
131,εκεί,εκεί,там; туда,наречие места,output/00088-eki.html,2026-10-05T08:18:27.544875+00:00
132,πρώτη,πρώτος,первый,"порядковое числительное (изменяется как прилагательное на -ος, -η, -ο)",output/00089-protos.html,2026-10-05T08:18:27.544875+00:00
133,άλλη,άλλος,другой; ещё (один); больше (τίποτα άλλο); остальные (с артиклем: οι άλλοι),неопределённое местоимение (склоняется как прилагательное),output/00086-alos.html,2026-10-05T08:18:27.544875+00:00
136,γίνει,γίνομαι,"становиться; происходить, случаться; быть готовым; быть возможным",глагол,output/00087-yinome.html,2026-10-05T08:18:27.544875+00:00
137,θέλω,θέλω,"хотеть, желать",глагол,output/00090-thelo.html,2026-10-05T08:18:27.544875+00:00
138,μέσω,μέσω,"через (маршрут); посредством, с помощью (способ, посредник)",предлог,output/00091-meso.html,2026-10-05T08:18:27.544875+00:00
139,θέση,θέση,"место (сиденье); положение, расположение; должность, рабочее место",существительное,output/00092-thesi.html,2026-10-05T08:42:05.439081+00:00
140,λέει,λέω,"говорить, сказать; (о тексте) гласить, быть написанным",глагол,output/00093-leo.html,2026-10-05T08:42:05.439081+00:00
141,σπίτι,σπίτι,"дом; жильё, квартира (своё жилище)",существительное,output/00094-spiti.html,2026-10-05T08:42:05.439081+00:00
142,λεσ,λέω,"говорить, сказать; (λες και) как будто",глагол,output/00093-leo.html,2026-10-05T08:42:05.439081+00:00
143,μεγάλη,μεγάλος,"большой; великий; старший (по возрасту), взрослый",прилагательное,output/00095-meghalos.html,2026-10-05T08:42:05.439081+00:00
145,ε,ε,"ну; э-э; эй; да?, а? (в конце фразы)",междометие / частица,output/00096-e.html,2026-10-05T08:42:05.439081+00:00
146,μεταξύ,μεταξύ,между; среди; (στο μεταξύ) тем временем,предлог (несклоняемый); в сочетании στο μεταξύ — наречие,output/00097-metaksi.html,2026-10-05T08:42:05.439081+00:00
147,σύμφωνα,σύμφωνα,"согласно, в соответствии с; по словам, по данным",наречие (обычно в составном предлоге σύμφωνα με),output/00098-simfona.html,2026-10-05T08:42:05.439081+00:00
155,ειναι,είμαι,быть; являться; находиться,глагол,output/00011-ime.html,2026-10-05T08:42:05.439081+00:00
156,τέλοσ,τέλος,"конец; (мн. ч.) сборы, пошлины",существительное,output/00099-telos.html,2026-10-05T08:59:18.346846+00:00
157,τίποτα,τίποτα,ничего; что-нибудь (в вопросах); не за что (ответ на «спасибо»),"неопределённое (отрицательное) местоимение, неизменяемое",output/00100-tipota.html,2026-10-05T08:59:18.346846+00:00
160,ομάδα,ομάδα,команда; группа,существительное,output/00101-omadha.html,2026-10-05T08:59:18.346846+00:00
161,στιγμή,στιγμή,"момент, мгновение",существительное,output/00102-stighmi.html,2026-10-05T08:59:18.346846+00:00
165,εκτόσ,εκτός,"кроме; если только не (εκτός αν); вне, за пределами",наречие / несклоняемый предлог,output/00103-ektos.html,2026-10-05T08:59:18.346846+00:00
167,κάτω,κάτω,внизу; вниз; под (κάτω από); примерно (πάνω κάτω),наречие,output/00104-kato.html,2026-10-05T08:59:18.346846+00:00
168,κόσμο,κόσμος,"мир, свет; люди, народ",существительное,output/00105-kosmos.html,2026-10-05T08:59:18.346846+00:00
169,χώρα,χώρα,страна,существительное,output/00106-hora.html,2026-10-05T08:59:18.346846+00:00
171,πόσο,πόσος,сколько; как (насколько); какой (по величине),вопросительное местоимение-прилагательное; форма πόσο также наречие,output/00107-posos.html,2026-10-05T08:59:18.346846+00:00
177,κυβέρνηση,κυβέρνηση,правительство,существительное,output/00108-kivernisi.html,2026-10-05T08:59:18.346846+00:00
178,πάλι,πάλι,"снова, опять, ещё раз; а (вот) (при противопоставлении)",наречие,output/00109-pali.html,2026-10-05T09:20:56.910944+00:00
179,έωσ,έως,"до, вплоть до (о времени, месте, количестве)",предлог,output/00110-eos.html,2026-10-05T09:20:56.910944+00:00
180,ίδιο,ίδιος,"тот же (самый), одинаковый; сам",прилагательное,output/00111-idhios.html,2026-10-05T09:20:56.910944+00:00
183,μόλισ,μόλις,"только что; как только; едва, еле; всего лишь",наречие / союз,output/00112-molis.html,2026-10-05T09:20:56.910944+00:00
185,απλά,απλά,"просто, несложно (образ действия); просто, всего лишь (усилительная частица)",наречие,output/00113-apla.html,2026-10-05T09:20:56.910944+00:00
186,αφού,αφού,"раз, поскольку, так как; после того как; (разг.) ведь, же",союз,output/00114-afu.html,2026-10-05T09:20:56.910944+00:00
187,επειδή,επειδή,потому что; так как,"союз (подчинительный, причинный)",output/00115-epidhi.html,2026-10-05T09:20:56.910944+00:00
188,λόγω,λόγω,"из-за, по причине, вследствие",предлог (несклоняемый),output/00116-logho.html,2026-10-05T09:20:56.910944+00:00
189,οχι,όχι,"нет (ответ); не (отрицание отдельного слова, а не глагола)",отрицательная частица / наречие,output/00039-ochi.html,2026-10-05T09:20:56.910944+00:00
190,ίδια,ίδιος,"тот же (самый), одинаковый; сам (ο ίδιος — он сам)",прилагательное (местоименное),output/00111-idhios.html,2026-10-05T09:20:56.910944+00:00
191,γυναίκα,γυναίκα,женщина; жена,существительное,output/00117-yineka.html,2026-10-05T09:31:05.070169+00:00
193,πάει,πηγαίνω,"идти, ехать, ходить (куда-то); (разг.) идти — о делах: «Как дела?»",глагол,output/00118-piyeno.html,2026-10-05T09:31:05.070169+00:00
194,πίσω,πίσω,"назад; сзади, позади; обратно",наречие,output/00119-piso.html,2026-10-05T09:31:05.070169+00:00
198,ιστορία,ιστορία,"история (прошлое, наука, школьный предмет); рассказ, история; дело, ситуация (разг.)",существительное,output/00120-istoria.html,2026-10-05T09:31:05.070169+00:00
200,ποιοσ,ποιος,"кто; какой, который",вопросительное местоимение,output/00121-pios.html,2026-10-05T09:31:05.070169+00:00
201,τελευταία,τελευταίος,последний; (наречие τελευταία) в последнее время,прилагательное,output/00122-telefteos.html,2026-10-05T09:31:05.070169+00:00
202,άνθρωποι,άνθρωπος,человек; (мн. ч.) люди,существительное,output/00123-anthropos.html,2026-10-05T09:31:05.070169+00:00
203,κανείσ,κανένας,"никто; никакой, ни один; (в вопросах) кто-нибудь, какой-нибудь",местоимение (неопределённое/отрицательное),output/00124-kanenas.html,2026-10-05T09:31:05.070169+00:00
205,πόλη,πόλη,город,существительное,output/00125-poli.html,2026-10-05T09:31:05.070169+00:00
209,οτι,ότι,"что (союз в придаточном предложении: «сказал, что…», «думаю, что…»)",союз,output/00016-oti.html,2026-10-05T09:31:05.070169+00:00
212,θέμα,θέμα,"тема; вопрос, дело; проблема",существительное,output/00126-thema.html,2026-10-05T09:35:26.321883+00:00
213,όνομα,όνομα,имя; название,существительное,output/00127-onoma.html,2026-10-05T09:35:26.321883+00:00
214,ώστε,ώστε,"чтобы, так чтобы (цель); так что, (настолько…) что (следствие); итак, значит (в начале фразы)",союз,output/00128-oste.html,2026-10-05T09:35:26.321883+00:00
215,ήδη,ήδη,уже,наречие,output/00129-idhi.html,2026-10-05T09:35:26.321883+00:00
216,αθήνα,Αθήνα,Афины (столица Греции),имя собственное (существительное),output/00130-athina.html,2026-10-05T09:35:26.321883+00:00
218,βρίσκεται,βρίσκομαι,"находиться, быть (где-то); оказаться; встретиться (с кем-то)",глагол,output/00131-vriskome.html,2026-10-05T09:35:26.321883+00:00
219,εν,εν,в (только в книжных устойчивых выражениях),"предлог (книжный, неизменяемый)",output/00132-en.html,2026-10-05T09:35:26.321883+00:00
220,κοντά,κοντά,"близко, рядом; около, примерно",наречие,output/00133-konda.html,2026-10-05T09:35:26.321883+00:00
222,τελικά,τελικά,"в итоге, в конце концов; всё-таки (как оказалось); так всё-таки (в вопросе)",наречие,output/00134-telika.html,2026-10-05T09:35:26.321883+00:00
223,γι,για,"для; о, про; за (спасибо за); γι' αυτό — поэтому",предлог (элидированная форма),output/00005-ya.html,2026-10-05T09:35:26.321883+00:00
224,δηλαδή,δηλαδή,"то есть; а именно; значит, выходит; (в вопросе) в смысле?",наречие (употребляется как пояснительный союз),output/00135-dhiladhi.html,2026-10-05T10:17:45.952527+00:00
225,κάποια,κάποιος,"какой-то, некий; кто-то, кое-кто; некоторые, несколько",неопределённое местоимение (используется как прилагательное и самостоятельно),output/00136-kapios.html,2026-10-05T10:17:45.952527+00:00
226,μα,μα,"но, однако; да ведь, ну (удивление, возражение); клянусь (в выражении μα την αλήθεια)",союз; частица,output/00137-ma.html,2026-10-05T10:17:45.952527+00:00
227,ξέρω,ξέρω,знать; уметь,глагол,output/00138-ksero.html,2026-10-05T10:17:45.952527+00:00
229,συνέχεια,συνέχεια,"продолжение; (в роли наречия) постоянно, всё время",существительное,output/00139-sinehia.html,2026-10-05T10:17:45.952527+00:00
230,τρόπο,τρόπος,"способ, образ (действия); манера; во мн. ч. — манеры",существительное,output/00140-tropos.html,2026-10-05T10:17:45.952527+00:00
231,περιοχή,περιοχή,"район, местность, область",существительное,output/00141-periohi.html,2026-10-05T10:17:45.952527+00:00
232,περισσότερο,περισσότερο,"больше; дольше, сильнее; больше (предпочтение)",наречие (сравнительная степень от πολύ),output/00142-perisotero.html,2026-10-05T10:17:45.952527+00:00
234,δουλειά,δουλειά,"работа; дело, занятие; (мн. ч.) дела, хлопоты (в том числе домашние)",существительное,output/00143-dhulya.html,2026-10-05T10:17:45.952527+00:00
235,ευρώ,ευρώ,евро (валюта),существительное,output/00144-evro.html,2026-10-05T10:17:45.952527+00:00
239,πολιτική,πολιτική,"политика (общественная сфера); политика, курс, правила (например, компании)",существительное,output/00145-politiki.html,2026-10-05T10:58:06.919335+00:00
240,πράγματα,πράγμα,"вещь, предмет; дело (мн. ч. τα πράγματα — вещи, пожитки; дела, положение дел)",существительное,output/00146-praghma.html,2026-10-05T10:58:06.919335+00:00
241,βράδυ,βράδυ,вечер; вечером (το βράδυ),существительное,output/00147-vradhi.html,2026-10-05T10:58:06.919335+00:00
242,δείτε,βλέπω,"видеть; смотреть (фильм, телевизор); посмотреть, увидеть",глагол,output/00148-vlepo.html,2026-10-05T10:58:06.919335+00:00
243,θεσ,θέλω,хотеть,глагол,output/00090-thelo.html,2026-10-05T10:58:06.919335+00:00
245,στοιχεία,στοιχείο,"элемент; (мн.) данные, сведения",существительное,output/00149-stihio.html,2026-10-05T10:58:06.919335+00:00
246,αγάπη,αγάπη,"любовь; любимый, любимая (в обращении «αγάπη μου»)",существительное,output/00150-aghapi.html,2026-10-05T10:58:06.919335+00:00
250,πήρε,παίρνω,"брать, взять; получать; покупать; принимать (лекарство); звонить (παίρνω τηλέφωνο); ехать на транспорте (παίρνω το λεωφορείο)",глагол,output/00151-perno.html,2026-10-05T10:58:06.919335+00:00
251,περίπου,περίπου,"примерно, около, приблизительно",наречие,output/00152-peripu.html,2026-10-05T10:58:06.919335+00:00
252,ελληνική,ελληνικός,"греческий (относящийся к Греции, грекам, греческому языку)",прилагательное,output/00153-elinikos.html,2026-10-05T10:58:06.919335+00:00
254,σχέση,σχέση,"отношения (между людьми, в том числе романтические); связь (между вещами)",существительное,output/00154-shesi.html,2026-10-05T11:03:30.293472+00:00
255,τρεισ,τρεις,три,числительное (количественное),output/00155-tris.html,2026-10-05T11:03:30.293472+00:00
256,επί,επί,умножить на; на (в размерах); в течение; на (в устойчивых выражениях: επί τόπου — на месте),предлог,output/00156-epi.html,2026-10-05T11:03:30.293472+00:00
257,λοιπόν,λοιπόν,"итак, так вот (начало речи); значит (вывод); ну и? (вопрос-побуждение)",частица / наречие-связка (неизменяемое слово),output/00157-lipon.html,2026-10-05T11:03:30.293472+00:00
258,μάλιστα,μάλιστα,"да (вежливо), так точно; понятно, ясно; причём, более того",наречие / частица,output/00158-malista.html,2026-10-05T11:03:30.293472+00:00
259,σύστημα,σύστημα,система,существительное,output/00159-sistima.html,2026-10-05T11:03:30.293472+00:00
261,έξω,έξω,"снаружи, на улице; наружу, на улицу; вне дома",наречие,output/00160-ekso.html,2026-10-05T11:03:30.293472+00:00
267,μέτρα,μέτρο,"метр; мера; рулетка (сантиметр); во мн. ч. также мерки, размеры",существительное,output/00161-metro.html,2026-10-05T11:03:30.293472+00:00
269,πλέον,πλέον,"теперь, уже; больше не (с отрицанием); наиболее, самый (книжн., το πλέον + прилагательное)",наречие,output/00162-pleon.html,2026-10-05T11:03:30.293472+00:00
265,πρόκειται,πρόκειται,"речь идёт о; предстоит, собираться (что-то сделать)",безличный глагол,output/00163-prokite.html,2026-10-05T11:04:48.068635+00:00
270,φαίνεται,φαίνομαι,"казаться; выглядеть; быть видным, виднеться; появляться, показываться","глагол (отложительный, только медиопассивные формы)",output/00164-fenome.html,2026-10-05T11:23:26.949958+00:00
271,ίσωσ,ίσως,"возможно, может быть, наверное",наречие,output/00165-isos.html,2026-10-05T11:23:26.949958+00:00
273,διάρκεια,διάρκεια,"продолжительность, длительность; (κατά τη διάρκεια) во время",существительное,output/00166-dhiarkia.html,2026-10-05T11:23:26.949958+00:00
274,πρόβλημα,πρόβλημα,проблема; задача,существительное,output/00167-provlima.html,2026-10-05T11:23:26.949958+00:00
275,σχεδόν,σχεδόν,почти; почти что,наречие,output/00168-shedhon.html,2026-10-05T11:23:26.949958+00:00
276,αύριο,αύριο,завтра,наречие (времени),output/00169-avrio.html,2026-10-05T11:23:26.949958+00:00
278,κέντρο,κέντρο,центр (города); центр (учреждение),существительное,output/00170-kendro.html,2026-10-05T11:23:26.949958+00:00
284,αλήθεια,αλήθεια,"правда, истина; (в разговоре, без артикля) правда?, кстати",существительное,output/00171-alithia.html,2026-10-05T11:23:26.949958+00:00
285,αποτελεί,αποτελώ,"являться, представлять собой; составлять",глагол,output/00172-apotelo.html,2026-10-05T11:23:26.949958+00:00
287,εκ,εκ,"из, от (книжное; в устойчивых выражениях: заново, заранее, от имени, задним числом)","предлог (книжный, неизменяемый)",output/00173-ek.html,2026-10-05T11:23:26.949958+00:00
288,μπροστά,μπροστά,впереди; вперёд; перед (кем-либо или чем-либо),наречие,output/00174-brosta.html,2026-10-05T13:09:54.235945+00:00
289,παρά,παρά,"без (о времени); несмотря на; чем (лучше…, чем…); только (в конструкции δεν… παρά)",предлог; также союз и частица (неизменяемое слово),output/00175-para.html,2026-10-05T13:09:54.235945+00:00
290,πρωί,πρωί,утро; утром,существительное,output/00176-proi.html,2026-10-05T13:09:54.235945+00:00
291,αποτέλεσμα,αποτέλεσμα,результат; итог; счёт (матча),существительное,output/00177-apotelesma.html,2026-10-05T13:09:54.235945+00:00
292,αρκετά,αρκετά,достаточно; довольно (весьма); немало; хватит!,наречие,output/00178-arketa.html,2026-10-05T13:09:54.235945+00:00
293,γύρω,γύρω,"вокруг; около, примерно",наречие (также в предложных сочетаниях),output/00179-yiro.html,2026-10-05T13:09:54.235945+00:00
294,λάθοσ,λάθος,ошибка,существительное,output/00180-lathos.html,2026-10-05T13:09:54.235945+00:00
295,μάτια,μάτι,глаз (мн. ч. μάτια — глаза); конфорка (плиты),существительное,output/00181-mati.html,2026-10-05T13:09:54.235945+00:00
297,βάση,βάση,"основа, база; подставка; проходной балл",существительное,output/00182-vasi.html,2026-10-05T13:09:54.235945+00:00
300,ηπα,ΗΠΑ,США (Соединённые Штаты Америки),"аббревиатура (имя собственное, существительное)",output/00183-ipa.html,2026-10-05T13:09:54.235945+00:00
303,σειρά,σειρά,очередь (чья-то); ряд; сериал; порядок,существительное,output/00184-sira.html,2026-10-05T13:14:50.563245+00:00
304,σχετικά,σχετικά,"относительно, сравнительно; (σχετικά με) о, насчёт, по поводу",наречие,output/00185-shetika.html,2026-10-05T13:14:50.563245+00:00
306,χρειάζεται,χρειάζομαι,"нуждаться, быть нужным; (безлично χρειάζεται) нужно, требуется",глагол,output/00186-hriazome.html,2026-10-05T13:14:50.563245+00:00
308,πρόεδροσ,πρόεδρος,президент; председатель,существительное,output/00187-proedhros.html,2026-10-05T13:14:50.563245+00:00
309,σημαίνει,σημαίνω,"значить, означать; ознаменовать",глагол,output/00188-simeno.html,2026-10-05T13:14:50.563245+00:00
310,τουλάχιστον,τουλάχιστον,"по крайней мере, как минимум; хотя бы",наречие,output/00189-tulahiston.html,2026-10-05T13:14:50.563245+00:00
311,υπό,υπό,"под (в книжных и устойчивых выражениях: состояние, контроль); ниже (υπό το μηδέν — ниже нуля); при (условии)",предлог,output/00190-ipo.html,2026-10-05T13:14:50.563245+00:00
312,έλληνεσ,Έλληνας,грек (житель или уроженец Греции),существительное,output/00191-elinas.html,2026-10-05T13:14:50.563245+00:00
313,εκείνη,εκείνος,"тот, та, то (указательное); он, она, оно (с выделением)",указательное местоимение,output/00192-ekinos.html,2026-10-05T13:14:50.563245+00:00
317,λόγο,λόγος,"причина; слово (обещание); речь, право слова",существительное,output/00193-loghos.html,2026-10-05T13:14:50.563245+00:00
